{
  "generator-jhipster": {
    "blueprints": [],
    "otherModules": [],
    "applicationType": "monolith",
    "baseName": "iswapp",
    "jhipsterVersion": "7.0.1",
    "skipClient": false,
    "skipServer": false,
    "skipUserManagement": false,
    "skipCheckLengthOfIdentifier": false,
    "skipFakeData": false,
    "jhiPrefix": "jhi",
    "entitySuffix": "",
    "dtoSuffix": "DTO",
    "testFrameworks": ["cypress"],
    "pages": [],
    "creationTimestamp": 1623356291448,
    "serviceDiscoveryType": false,
    "reactive": false,
    "authenticationType": "session",
    "packageName": "com.isw.app",
    "serverPort": "8080",
    "cacheProvider": "no",
    "enableHibernateCache": false,
    "databaseType": "sql",
    "devDatabaseType": "h2Memory",
    "prodDatabaseType": "postgresql",
    "buildTool": "maven",
    "serverSideOptions": [],
    "websocket": false,
    "searchEngine": false,
    "messageBroker": false,
    "enableSwaggerCodegen": false,
    "clientFramework": "angularX",
    "withAdminUi": true,
    "clientTheme": "none",
    "enableTranslation": false,
    "nativeLanguage": "es",
    "packageFolder": "com/isw/app",
    "rememberMeKey": "df2b33d82152d72d330a359d6ed46bd44a394d038fd78c595acb3ebc579747a7ba4009c21949dcf82bdfb256dc372b94054b",
    "clientPackageManager": "npm",
    "clientThemeVariant": "",
    "languages": ["en", "fr"]
  }
}
